,时间,风格,时期,艺术类型,绘画媒材,收藏类型,艺术品名称
0,1873,印象派,Early works,風景畫,"油彩, 畫布",奧爾良美術館,clearing
1,1873,印象派,Early works,sketch and study,"油彩, 畫布",私人收藏,in the forest saint cloud
2,1873,印象派,Early works,風景畫,"油彩, 畫布",私人收藏,in the forest saint cloud ii
3,1873,印象派,Early works,風景畫,"油彩, 畫布",私人收藏,the forest path
4,1873,印象派,Early works,風俗畫,"油彩, 畫布",菲茨威廉博物馆,working the land
5,1874,印象派,Early works,風景畫,"油彩, 畫布",私人收藏,tree in the farm yard
6,1874,印象派,Early works,sketch and study,"油彩, 畫布",私人收藏,tree in the farm yard 1874
7,1875,印象派,Early works,都市風景畫,"油彩, 畫板",,cail factories and quai of grenelle
8,1875,印象派,Early works,animal painting,"油彩, 畫布",提森-博内米萨博物馆,chicken
9,1875,印象派,Early works,風景畫,"油彩, 畫布",,landscape with poplars
10,1875,印象派,Early works,風俗畫,"油彩, 畫布",私人收藏,mette asleep on a sofa
11,1875,印象派,Early works,静物畫,"油彩, 畫板",私人收藏,pears and grapes
12,1875,印象派,Early works,都市風景畫,"油彩, 畫布",奥赛博物馆,the seine at the pont d iena
13,1875,印象派,Early works,都市風景畫,"油彩, 畫布",私人收藏,the seine in paris
14,1875,印象派,Early works,都市風景畫,"油彩, 畫布",私人收藏,the seine opposite the wharf de passy
15,1875,印象派,Early works,都市風景畫,"油彩, 畫板",私人收藏,port de grenelle
16,1876,印象派,Early works,静物畫,"油彩, 畫布",私人收藏,bouquet of peonies on a musical score
17,1876,印象派,Early works,静物畫,"油彩, 畫板",私人收藏,china asters hat and
18,1876,印象派,Early works,静物畫,"油彩, 畫布",私人收藏,daisies and peonies in blue vase
19,1876,印象派,Early works,肖像畫,"油彩, 畫布","Fogg Museum (Harvard Art Museums), Cambridge, MA, US",man with a
20,1876,印象派,Early works,都市風景畫,"油彩, 畫布",博伊曼斯·范伯宁恩美术馆,port de javel
21,1876,印象派,Early works,都市風景畫,"油彩, 畫布",私人收藏,port de javel 1876
22,1876,印象派,Early works,静物畫,"油彩, 畫布","Virginia Museum of Fine Arts, Richmond, VA, US",still life with oysters
23,1876,印象派,Early works,静物畫,"油彩, 畫布",哥特堡美術館,still life with red mullet and jug
24,1877,印象派,Early works,風景畫,"油彩, 畫布",私人收藏,autumn landscape farm and pond
25,1877,印象派,Early works,肖像畫,"油彩, 畫板",私人收藏,portrait of a child aline
26,1877,印象派,Early works,肖像畫,"油彩, 畫布",私人收藏,portrait of claude antoine charles favre
27,1877,印象派,Early works,肖像畫,"油彩, 畫板",私人收藏,portrait of ingeborg thaulow
28,1878,印象派,Early works,肖像畫,"油彩, 畫布",布尔勒收藏展览馆,the embroiderer or mette gauguin
29,1879,印象派,Early works,風景畫,"油彩, 畫布",,apple trees in blossom
30,1879,印象派,Early works,風景畫,"油彩, 畫布",布达佩斯美术博物馆,garden under snow
31,1879,印象派,Early works,風景畫,"油彩, 畫布",私人收藏,geese on the farm
32,1879,印象派,Early works,肖像畫,"透明水彩, 紙質",私人收藏,portrait of gaugin s daughter
33,1879,印象派,Early works,風景畫,"油彩, 畫布",私人收藏,riverside breton landscape
34,1879,印象派,Early works,風景畫,"油彩, 畫布","Smith College Museum of Art (SCMA), Northampton, MA, US",the market gardens of vaugirard
35,1879,印象派,Early works,都市風景畫,"油彩, 畫布","Groninger Museum, Groningen, Netherlands",vaugirard church
36,1879,印象派,Early works,風景畫,"油彩, 畫布",布达佩斯美术博物馆,winter landscape
37,1880,印象派,Early works,静物畫,"油彩, 畫布",私人收藏,clay jug and irin mug
38,1880,印象派,Early works,静物畫,"油彩, 畫板",私人收藏,flowers and carpet pansies
39,1880,印象派,Early works,風景畫,"油彩, 畫布",以色列博物館,houses at vaugirard
40,1880,印象派,Early works,静物畫,"油彩, 畫布",私人收藏,mandolin on a chair
41,1880,印象派,Early works,静物畫,"油彩, 畫布",私人收藏,still life with fruit plate
42,1880,印象派,Early works,裸體畫,"油彩, 畫布",新嘉士伯美術館,suzanne sewing study of a nude
43,1880,印象派,Early works,静物畫,"油彩, 畫布",私人收藏,to make a bouquet
44,1881,印象派,Early works,風景畫,"油彩, 畫布",私人收藏,banks of the oise
45,1881,印象派,Early works,都市風景畫,"油彩, 畫布",私人收藏,corner of the garden rue
46,1881,印象派,Early works,静物畫,"油彩, 畫布",私人收藏,flowers and carpet
47,1881,印象派,Early works,自畫像,"油彩, 畫布",私人收藏,interior of the painter s house rue carcel
48,1881,印象派,Early works,都市風景畫,"油彩, 畫布",私人收藏,party wall
49,1881,印象派,Early works,都市風景畫,"油彩, 畫布",私人收藏,pissarro s garden pontoise
50,1881,印象派,Early works,風俗畫,"油彩, 畫布",私人收藏,pond with ducks girl amusing herself
51,1881,印象派,Early works,sketch and study,"油彩, 畫布",新嘉士伯美術館,river bank in
52,1881,印象派,Early works,静物畫,"油彩, 畫布",雷恩美術館,still life with oranges
53,1881,印象派,Early works,静物畫,"油彩, 畫布",奥赛博物馆,still life vase with flowers on the window
54,1881,印象派,Early works,風景畫,"油彩, 畫布",新嘉士伯美術館,the queen s mill
55,1881,印象派,Early works,風俗畫,"油彩, 畫布",,young girl dreaming study of a child asleep
56,1882,印象派,Early works,静物畫,"油彩, 畫布",埃尔米塔日博物馆,at the window
57,1882,印象派,Early works,肖像畫,"油彩, 畫布",小皇宮,aube the sculptor and his son
58,1882,印象派,Early works,風景畫,"油彩, 畫布","Lowe Art Museum, Coral Gables, FL, US",blue barge
59,1882,印象派,Early works,静物畫,"油彩, 畫布",私人收藏,bouquet of flowers
60,1882,印象派,Early works,静物畫,"油彩, 畫布",新嘉士伯美術館,flowers and japanese book
61,1882,印象派,Early works,風景畫,"油彩, 畫布",私人收藏,gratte roosters path
62,1882,印象派,Early works,風景畫,"油彩, 畫布",私人收藏,mountain landscape
63,1882,印象派,Early works,風景畫,"油彩, 畫布",私人收藏,quarries at pontoise
64,1882,印象派,Early works,風景畫,"油彩, 畫布",加拿大國立美術館,quarries at pontoise ii
65,1882,印象派,Early works,風景畫,"油彩, 畫布",蘇黎世美術館,quarry hole in the cliff
66,1883,印象派,Early works,肖像畫,"油彩, 畫布",私人收藏,aline gauguin and one of her
67,1883,印象派,Early works,肖像畫,"油彩, 畫布",私人收藏,double portrait of a young girl mademoiselle lafuite
68,1883,印象派,Early works,風景畫,"油彩, 畫布",私人收藏,farm in osny
69,1883,印象派,Early works,風俗畫,"油彩, 畫布",丹麥國立美術館,garden in rue
70,1883,印象派,Early works,都市風景畫,"油彩, 畫布",,harbour scene
71,1883,印象派,Early works,肖像畫,"油彩, 畫布",私人收藏,ingeborg thaulow
72,1883,印象派,Early works,静物畫,"油彩, 畫布",私人收藏,mandolina and flowers
73,1883,印象派,Early works,都市風景畫,"油彩, 畫布",,osny rue de pontoise winter
74,1883,印象派,Early works,風景畫,"油彩, 畫布",私人收藏,stream in osny
75,1883,印象派,Early works,風景畫,"油彩, 畫布",波士頓美術館,street in osny
76,1883,印象派,Early works,風景畫,"油彩, 畫布",私人收藏,the farm in grue
77,1883,印象派,Early works,都市風景畫,"油彩, 畫布",私人收藏,the garden in winter rue carcel
78,1883,印象派,Early works,静物畫,"油彩, 畫布",私人收藏,tomatoes and a pewter tankard on a table
79,1883,印象派,Early works,都市風景畫,"油彩, 畫布",新嘉士伯美術館,village street osny
80,1884,印象派,Early works,風景畫,"油彩, 畫布",私人收藏,a henhouse
81,1884,印象派,Early works,風景畫,"油彩, 畫布",私人收藏,abandoned garden in
82,1884,印象派,Early works,静物畫,"油彩, 畫布",费城艺术博物馆,basket of flowers
83,1884,印象派,Early works,都市風景畫,"油彩, 畫布","Oskar Reinhart Foundation, Winterthur, Switzerland",blue roofs of rouen
84,1884,印象派,Early works,静物畫,"油彩, 畫布",埃尔米塔日博物馆,bouquet
85,1884,印象派,Early works,裸體畫,"油彩, 畫板",私人收藏,bust of a nude girl
86,1884,印象派,Early works,肖像畫,"油彩, 畫布",私人收藏,clovis gauguin asleep
87,1884,印象派,Early works,風景畫,"油彩, 畫布",私人收藏,hillside
88,1884,印象派,Early works,風景畫,"油彩, 畫布",私人收藏,landscape near
89,1884,印象派,Early works,肖像畫,"油彩, 畫布",挪威國家美術館,mette gauguin in an evening dress
90,1884,印象派,Early works,静物畫,"油彩, 畫布",挪威國家美術館,nasturtiums dahlias in a basket
91,1884,印象派,Early works,風景畫,"油彩, 畫布",私人收藏,near rouen
92,1884,印象派,Early works,風景畫,"油彩, 畫布",私人收藏,near rouen 1884
93,1884,印象派,Early works,風景畫,"油彩, 畫布",私人收藏,normandy landscape cow in a meadow
94,1884,印象派,Early works,都市風景畫,"油彩, 畫布",私人收藏,notre dame des agnes
95,1884,印象派,Early works,風景畫,"油彩, 畫布",提森-博内米萨博物馆,orchard under the church of bihorel children in the pasture
96,1884,印象派,Early works,風景畫,"油彩, 畫布",,osny the gate of busagny farm
97,1884,印象派,Early works,肖像畫,"油彩, 畫布",私人收藏,portrait of a seated man
98,1884,印象派,Early works,肖像畫,"油彩, 畫板",私人收藏,portrait of aline
99,1884,印象派,Early works,肖像畫,"油彩, 畫布",达拉斯艺术博物馆,portrait of isidore gauguin
100,1884,印象派,Early works,風景畫,"油彩, 畫布",私人收藏,returning from the harvest manuring
101,1884,印象派,Early works,都市風景畫,"油彩, 畫布",,rouen at spring
102,1884,印象派,Early works,風景畫,"油彩, 畫布",私人收藏,rouen suburb
103,1884,印象派,Early works,都市風景畫,"油彩, 畫布",私人收藏,rue jouvenet rouen
104,1884,印象派,Early works,都市風景畫,"油彩, 畫布",新嘉士伯美術館,skaters in fredericksberg park
105,1884,印象派,Early works,風景畫,"油彩, 畫布",提森-博内米萨博物馆,street in rouen
106,1884,印象派,Early works,都市風景畫,"油彩, 畫布",私人收藏,street in rouen 1884
107,1884,印象派,Early works,風景畫,"油彩, 畫布",私人收藏,sunken lane
108,1884,印象派,Early works,風俗畫,"油彩, 畫布",私人收藏,the artist s children
109,1884,印象派,Early works,風景畫,"油彩, 畫布",私人收藏,the cliffs of le bouille
110,1884,印象派,Early works,風景畫,"油彩, 畫布",私人收藏,the port of rouen
111,1884,印象派,Early works,風景畫,"油彩, 畫布",布尔勒收藏展览馆,the road up
112,1884,印象派,Early works,風景畫,"油彩, 畫布",私人收藏,the square pond
113,1884,印象派,Early works,静物畫,"油彩, 畫布",,the vase of peonies
114,1884,印象派,Early works,風景畫,"油彩, 畫布",私人收藏,two cows in the meadow
115,1884,印象派,Early works,風景畫,"油彩, 畫布",波士頓美術館,wooded path
116,1884,印象派,Early works,風俗畫,"油彩, 畫布",私人收藏,young woman lying in a grass
117,1884,後印象派,,静物畫,"油彩, 畫布",私人收藏,apples jug iridescent
118,1885,印象派,Early works,風景畫,"油彩, 畫布",,bare trees
119,1885,印象派,Early works,風景畫,"油彩, 畫布",新嘉士伯美術館,bathing dieppe
120,1885,印象派,Early works,風景畫,"油彩, 畫布",私人收藏,boy by the water
121,1885,印象派,Early works,風景畫,"油彩, 畫布",私人收藏,by the stream autumn
122,1885,印象派,Early works,animal painting,"油彩, 畫布","Galleria d'Arte Moderna, Milan, Italy",cattle drinking
123,1885,印象派,Early works,風景畫,"油彩, 畫布",私人收藏,cliff near dieppe
124,1885,印象派,Early works,風俗畫,"油彩, 畫布",私人收藏,conversation
125,1885,印象派,Early works,静物畫,"油彩, 畫布",私人收藏,dahlias in a copper vase
126,1885,印象派,Early works,風景畫,"油彩, 畫布",克勒勒-米勒博物館,donkey by lane
127,1885,印象派,Early works,静物畫,"油彩, 畫布",私人收藏,evening primroses in the vase
128,1885,印象派,Early works,設計圖,油彩,私人收藏,flowers and a
129,1885,印象派,Early works,風景畫,"油彩, 畫布","Portland Museum of Art (PMA), Portland, ME, US",geese in the meadow
130,1885,印象派,Early works,風景畫,"油彩, 畫布",龐畢度中心,haymaking near dieppe
131,1885,印象派,Early works,animal painting,"油彩, 畫布",私人收藏,horse and cow in a meadow
132,1885,印象派,Early works,風景畫,"油彩, 畫布",私人收藏,landscape
133,1885,印象派,Early works,animal painting,,博伊曼斯·范伯宁恩美术馆,landscape with cows in an orchard
134,1885,印象派,Early works,静物畫,"油彩, 畫布",私人收藏,lilac bouquet
135,1885,印象派,Early works,風景畫,"油彩, 畫布",凯文葛罗夫艺术博物馆,oestervold park copenhagen
136,1885,印象派,Early works,風景畫,"油彩, 畫布","Mohamed Mahmoud Khalil Museum, Cairo, Egypt",pere jean s path
137,1885,印象派,Early works,肖像畫,"油彩, 畫布",巴塞爾美術館,portrait of achille granchi taylor
138,1885,印象派,Early works,肖像畫,"油彩, 畫板",私人收藏,portrait of philibert favre
139,1885,印象派,Early works,風景畫,"油彩, 畫布",私人收藏,red roof by the water
140,1885,印象派,Early works,自畫像,"油彩, 畫布","金貝爾美術館, United States of America",self portrait
141,1885,印象派,Early works,風景畫,"油彩, 畫布",私人收藏,stabble near dieppe
142,1885,印象派,Early works,静物畫,"油彩, 畫布",,still life of onions and pigeons and room interior copenhagen
143,1885,印象派,Early works,静物畫,"油彩, 畫布",奥赛博物馆,still life with a mandolin
144,1885,印象派,Early works,静物畫,"油彩, 畫布",私人收藏,still life with carafe and ceramic figure
145,1885,印象派,Early works,風景畫,"油彩, 畫布",私人收藏,the forest edge
146,1885,印象派,Early works,風景畫,"油彩, 畫布",私人收藏,tree linen road rouen
147,1885,印象派,Early works,静物畫,"油彩, 畫布",私人收藏,two vases of flowers and a fan
148,1885,印象派,Early works,風俗畫,"油彩, 畫布",私人收藏,watering place
149,1885,印象派,Early works,animal painting,"油彩, 畫布",,watering place 1885
150,1885,印象派,Early works,風景畫,"油彩, 畫布",私人收藏,white house
151,1885,印象派,Early works,風景畫,"油彩, 畫布",私人收藏,willows
152,1885,印象派,Early works,風景畫,"油彩, 畫布",私人收藏,winter s end
153,1885,印象派,Early works,風俗畫,"油彩, 畫布",國立西洋美術館,women bathing dieppe
154,1886,後印象派,Breton period,風景畫,"油彩, 畫布",,bathing in front of the port of pont aven
155,1886,後印象派,Breton period,風俗畫,"油彩, 畫布","Hiroshima Museum of Art, Hiroshima, Japan",bathing place
156,1886,後印象派,Breton period,都市風景畫,"油彩, 畫布",,bordeaux harbour
157,1886,後印象派,Breton period,sketch and study,"粉筆, 紙質",巴勒珍藏馆,breton woman
158,1886,後印象派,Breton period,肖像畫,"油彩, 畫布","Newark Museum, Newark, NJ, US",clovis
159,1886,後印象派,Breton period,風景畫,"油彩, 畫布",哥特堡美術館,coastal landscape
160,1886,後印象派,Breton period,風景畫,"油彩, 畫布",私人收藏,cows on the seashore
161,1886,後印象派,Breton period,風景畫,"油彩, 畫布",,farm in brittany
162,1886,後印象派,Breton period,風景畫,"油彩, 畫布",提森-博内米萨博物馆,fire by the water
163,1886,後印象派,Breton period,風俗畫,"油彩, 畫布",新绘画陈列馆,four breton women
164,1886,後印象派,Breton period,設計圖,,私人收藏,fruit
165,1886,後印象派,Breton period,静物畫,"油彩, 畫布",私人收藏,fruit in a bowl
166,1886,後印象派,Breton period,風景畫,"油彩, 畫布",私人收藏,landscape at pont aven
167,1886,後印象派,Breton period,風景畫,"油彩, 畫布",洛杉磯郡藝術博物館,lollichon field
168,1886,後印象派,Breton period,風景畫,"油彩, 畫布",私人收藏,lollichon s field and the church of pont aven
169,1886,後印象派,Breton period,風景畫,"油彩, 畫布",私人收藏,pont aven woman and child
170,1886,後印象派,Breton period,静物畫,"油彩, 畫布",私人收藏,pots and boquets
171,1886,後印象派,Breton period,静物畫,"油彩, 畫布",私人收藏,red hat
172,1886,後印象派,Breton period,海景畫,"油彩, 畫布",,rocks and sea
173,1886,後印象派,Breton period,都市風景畫,"油彩, 畫布",私人收藏,schooner and three masters
174,1886,後印象派,Breton period,風景畫,"油彩, 畫布",私人收藏,stabble near dieppe
175,1886,後印象派,Breton period,静物畫,"油彩, 畫布",私人收藏,still life with cherries
176,1886,日本主義,Breton period,静物畫,"油彩, 畫布",私人收藏,still life with horse s head
177,1886,後印象派,Breton period,静物畫,"油彩, 畫布","Indianapolis Museum of Art (IMA), Indianapolis, IN, US",still life with profile of laval
178,1886,後印象派,Breton period,静物畫,"油彩, 畫布",蘇黎世美術館,still life with white bowl
179,1886,後印象派,Breton period,都市風景畫,"油彩, 畫布",私人收藏,suburb under snow
180,1886,後印象派,Breton period,肖像畫,"油彩, 畫布","Le Prieuré (Musée départemental Maurice-Denis), Saint-Germain-en-Laye, France",the boss s daughter
181,1886,後印象派,Breton period,静物畫,"油彩, 畫布",加拿大國立美術館,the vase of nasturtiums
182,1886,後印象派,Breton period,静物畫,"油彩, 畫布",私人收藏,vase of flowers
183,1886,後印象派,Breton period,風景畫,"油彩, 畫布",奥赛博物馆,washerwomen at pont aven
184,1887,後印象派,Breton period,風俗畫,"油彩, 畫布",私人收藏,a little washerman
185,1887,後印象派,Breton period,風俗畫,"油彩, 畫布",私人收藏,a seashore
186,1887,後印象派,Breton period,風俗畫,"油彩, 畫布",私人收藏,around the huts
187,1887,後印象派,Breton period,風俗畫,"油彩, 畫布",梵高博物馆,at the pond
188,1887,後印象派,Breton period,風景畫,"油彩, 畫布",新嘉士伯美術館,coastal landscape from martinique
189,1887,後印象派,Breton period,風景畫,"油彩, 畫布",私人收藏,huts under trees
190,1887,後印象派,Breton period,肖像畫,油彩,,madame alexandre kohler
191,1887,後印象派,Breton period,風俗畫,"油彩, 畫布",梵高博物馆,mango pickers martinique
192,1887,後印象派,Breton period,風景畫,"油彩, 畫布",私人收藏,meadow in martinique
193,1887,後印象派,,風景畫,"油彩, 畫布",蘇格蘭國家畫廊,not detected
194,1887,後印象派,Breton period,風景畫,"油彩, 畫布",私人收藏,palm trees on martinique
195,1887,後印象派,Breton period,静物畫,"油彩, 畫布",,still life with mangoes and hibiscus
196,1887,掐絲琺瑯彩主義,Breton period,風俗畫,"油彩, 畫布",私人收藏,tropical conversation
197,1887,後印象派,Breton period,風景畫,"油彩, 畫布","Lenbachhaus, Munich, Germany",tropical landscape martinique
198,1887,後印象派,Breton period,裸體畫,"油彩, 畫布","Museo Nacional de Bellas Artes (MNBA), Buenos Aires, Argentina",two girls bathing
199,1887,後印象派,,風景畫,,,landscape with woman on
200,1888,掐絲琺瑯彩主義,Breton period,animal painting,"油彩, 畫布",私人收藏,a little cat
201,1888,後印象派,Breton period,静物畫,"油彩, 畫布",私人收藏,apples in bowl
202,1888,後印象派,Breton period,風景畫,"油彩, 畫布",私人收藏,aven running through pont aven
203,1888,掐絲琺瑯彩主義,Breton period,風景畫,"油彩, 畫布",,blue trees
204,1888,後印象派,Breton period,静物畫,"油彩, 畫布",奥赛博物馆,bouquet of flowers with a window open to the sea reverse of hay making in brittany
205,1888,後印象派,Breton period,風俗畫,"油彩, 畫布",格勒諾布爾美術館,breton boy by the aven river
206,1888,後印象派,Breton period,風俗畫,"油彩, 畫布",私人收藏,breton boys wrestling
207,1888,後印象派,Breton period,風俗畫,"油彩, 畫布",私人收藏,breton fisherman
208,1888,後印象派,Breton period,風俗畫,"油彩, 畫布",,breton girls dancing
209,1888,後印象派,Breton period,風俗畫,"油彩, 畫布",私人收藏,breton woman and goose by the water
210,1888,後印象派,Breton period,風俗畫,"油彩, 畫布",私人收藏,breton woman with a pitcher
211,1888,後印象派,Breton period,風俗畫,"油彩, 畫布",私人收藏,breton women at the turn
212,1888,掐絲琺瑯彩主義,Breton period,肖像畫,"油彩, 畫布",私人收藏,captain jacob
213,1888,後印象派,Breton period,風景畫,"油彩, 畫板",私人收藏,cottages on mount sainte marguerite
214,1888,後印象派,Breton period,風景畫,"油彩, 畫布",私人收藏,cove opposite pont aven harbor
215,1888,後印象派,Breton period,風景畫,"油彩, 畫布",私人收藏,dogs running through a field
216,1888,後印象派,Breton period,風景畫,"油彩, 畫布",私人收藏,fisherman and bathers on the aven
217,1888,後印象派,Breton period,静物畫,"油彩, 畫布",普希金博物館,fruits
218,1888,後印象派,Breton period,風俗畫,"油彩, 畫布",,grape harvest at arles
219,1888,後印象派,Breton period,風俗畫,"油彩, 畫布",奥赛博物馆,haymaking in brittany
220,1888,後印象派,Breton period,肖像畫,"油彩, 畫布",私人收藏,head of a breton marie louarn
221,1888,後印象派,Breton period,風俗畫,"油彩, 畫布",私人收藏,in the heat the pigs
222,1888,後印象派,Breton period,animal painting,"油彩, 畫布",私人收藏,kneeling cow
223,1888,後印象派,Breton period,風景畫,"油彩, 畫布",瑞典國立博物館,landscape at arles
224,1888,後印象派,Breton period,風景畫,"油彩, 畫布","Indianapolis Museum of Art (IMA), Indianapolis, IN, US",landscape near arles
225,1888,後印象派,Breton period,風景畫,"油彩, 畫布",國立西洋美術館,landscape of brittany
226,1888,後印象派,Breton period,風景畫,"油彩, 畫布",私人收藏,landscape with geese
227,1888,後印象派,Breton period,風景畫,"油彩, 畫布",損保日本興亞東鄉青兒美術館,lane at alchamps arles
228,1888,後印象派,Breton period,風景畫,"油彩, 畫布",,les alyscamps
229,1888,後印象派,Breton period,風俗畫,"油彩, 畫布",私人收藏,little breton bather
230,1888,掐絲琺瑯彩主義,Breton period,肖像畫,"油彩, 畫布",圣路易斯艺术博物馆,madame roulin
231,1888,後印象派,Breton period,風景畫,"油彩, 畫布",私人收藏,mas near arles
232,1888,後印象派,Breton period,風景畫,"油彩, 畫布",私人收藏,meadow at the banks of aven
233,1888,後印象派,Breton period,風俗畫,"油彩, jute",普希金博物館,night caf%C3%A9 arles
234,1888,後印象派,Breton period,風俗畫,"油彩, 畫布",芝加哥藝術博物館,old women of arles
235,1888,後印象派,Breton period,風景畫,"油彩, 畫布",,path down to the aven
236,1888,後印象派,Breton period,風俗畫,"油彩, 畫布",新嘉士伯美術館,petit breton arranging his shoe or landscape at pont aven brittany
237,1888,後印象派,Breton period,肖像畫,"油彩, 畫布",阿塞扎公館,portrait of a little boy
238,1888,掐絲琺瑯彩主義,Breton period,肖像畫,"油彩, 畫布",梵高博物馆,portrait of a man wearing a lavalliere
239,1888,後印象派,Breton period,肖像畫,"油彩, 畫布",私人收藏,portrait of a woman marie lagadu
240,1888,後印象派,Breton period,肖像畫,"油彩, 畫布",格勒諾布爾美術館,portrait of madelaine bernard
241,1888,後印象派,Breton period,風景畫,"油彩, 畫布",普利司通美術館,river aven below moun saint marguerite
242,1888,後印象派,Breton period,風景畫,"油彩, 畫布",私人收藏,rocks on the breton coast
243,1888,後印象派,Breton period,風景畫,"油彩, 畫布",裝飾藝術博物館,seascape with cow on the edge of a cliff
244,1888,後印象派,Breton period,自畫像,"油彩, 畫布",,self portrait at lezaven
245,1888,後印象派,Breton period,自畫像,"油彩, 畫布",梵高博物馆,self portrait dedicated to vincent van gogh les mis%C3%A9rables
246,1888,後印象派,Breton period,風俗畫,"油彩, 畫布",私人收藏,sheperd and sheperdess in a meadow
247,1888,後印象派,Breton period,静物畫,"油彩, 畫布",奧爾良美術館,still life fete gloanec
248,1888,日本主義,Breton period,静物畫,"油彩, 畫布",,still life with japanese print
249,1888,後印象派,Breton period,静物畫,"油彩, 畫板",現代藝術博物館,still life with three puppies
250,1888,後印象派,Breton period,風景畫,"油彩, 畫布",,swineherd brittany
251,1888,後印象派,Breton period,風俗畫,"油彩, 畫布",私人收藏,the clog maker
252,1888,後印象派,Breton period,風景畫,"油彩, 畫布",私人收藏,the first flowers
253,1888,綜合主義,Breton period,religious painting,"油彩, 畫布",蘇格蘭國家畫廊,bu dao hou de shi jue
254,1888,後印象派,Breton period,海景畫,"油彩, 畫布",私人收藏,the wave
255,1888,後印象派,Breton period,風景畫,"油彩, 畫布",,upstream of pont aven
256,1888,掐絲琺瑯彩主義,Breton period,肖像畫,"油彩, 畫布",梵高博物馆,hua xiang ri kui de hua jia
257,1888,後印象派,Breton period,風景畫,"油彩, 畫布",私人收藏,view of pont aven from lezaven
258,1888,後印象派,Breton period,風俗畫,"油彩, 畫布",梵高博物馆,washerwomen
259,1888,後印象派,Breton period,風俗畫,"油彩, 畫布",現代藝術博物館,washerwomen at roubine du roi
260,1888,後印象派,Breton period,風景畫,"油彩, 畫布",私人收藏,willow by the aven
261,1888,後印象派,Breton period,肖像畫,"油彩, 畫布",私人收藏,young woman at the window
262,1888,後印象派,,風俗畫,"油彩, 畫布",普希金博物館,night cafe in arles madame ginoux
263,1889,象徵主義,,religious painting,,"皇家安特衛普美術館, Belgium",lu se de ji du
264,1889,後印象派,Breton period,裸體畫,"油彩, 畫布",瓦爾拉夫-里夏茨博物館,a breton boy 1889
265,1889,日本主義,Breton period,海景畫,"不透明水彩, 墨水, 透明水彩, 紙質",私人收藏,at the black rocks
266,1889,掐絲琺瑯彩主義,Breton period,風景畫,"油彩, 畫布",私人收藏,beach at le pouldu
267,1889,後印象派,Breton period,風俗畫,"油彩, 畫布",,bonjour monsieur gauguin
268,1889,後印象派,Breton period,風景畫,"油彩, 畫布",,breton boy in a landscape with goose
269,1889,後印象派,Breton period,裸體畫,"pastel, 透明水彩, 紙質","McNay Art Museum, San Antonio, TX, US",breton eve
270,1889,後印象派,Breton period,肖像畫,"油彩, 畫布",,breton girls by the sea
271,1889,後印象派,Breton period,風景畫,"油彩, 畫布",瑞典國立博物館,breton landscape fields by the sea le pouldu
272,1889,後印象派,Breton period,sketch and study,"透明水彩, 紙質",阿尔贝蒂娜博物馆,bretons and cows
273,1889,後印象派,Breton period,風景畫,"油彩, 畫布",,brittany landscape with women carrying sack
274,1889,後印象派,Breton period,allegorical painting,"油彩, 畫布",比利时皇家美术博物馆,calvaire breton
275,1889,掐絲琺瑯彩主義,Breton period,裸體畫,"油彩, 木材",私人收藏,caribbean woman or female nude with sunflowers
276,1889,後印象派,Breton period,風俗畫,"油彩, 畫布",,flutist on the cliffs
277,1889,掐絲琺瑯彩主義,Breton period,風俗畫,"油彩, 畫布",科陶德藝術學院,haymaking
278,1889,掐絲琺瑯彩主義,Breton period,風俗畫,"透明水彩, 紙質",,human misery
279,1889,後印象派,Breton period,風俗畫,"透明水彩, 紙質","Whitworth Art Gallery (University of Manchester), Manchester, UK",in brittany
280,1889,後印象派,Breton period,裸體畫,"油彩, 畫布","Cleveland Museum of Art (CMA), Cleveland, OH, US",in the waves
281,1889,掐絲琺瑯彩主義,Breton period,allegorical painting,"fresco, 木材",梵高博物馆,jeanne d arc or breton girl spinning
282,1889,後印象派,Breton period,風景畫,"油彩, 畫布",私人收藏,landscape at le pouldu the isolated house
283,1889,後印象派,Breton period,風景畫,"油彩, 畫布",波士頓美術館,landscape with two breton women
284,1889,後印象派,Breton period,風景畫,"油彩, 畫布",,nostalgic promenade
285,1889,掐絲琺瑯彩主義,Breton period,肖像畫,"油彩, 木材",現代藝術博物館,portrait of meyer de haan by lamplight
286,1889,掐絲琺瑯彩主義,Breton period,肖像畫,"油彩, 畫布",新嘉士伯美術館,portrait of two children paul and jean
287,1889,後印象派,Breton period,風景畫,"油彩, 畫布",私人收藏,rocks on the coast
288,1889,掐絲琺瑯彩主義,Breton period,肖像畫,"油彩, 畫布",奥赛博物馆,schuffenecker family
289,1889,後印象派,Breton period,風俗畫,"油彩, 畫布",新嘉士伯美術館,seated breton girl
290,1889,掐絲琺瑯彩主義,Breton period,自畫像,"油彩, 木材",,self portrait with halo
291,1889,後印象派,Breton period,静物畫,"油彩, 畫布",私人收藏,still life ripipont
292,1889,後印象派,Breton period,静物畫,"油彩, 畫布",奥赛博物馆,still life with a
293,1889,後印象派,Breton period,静物畫,"油彩, 畫板","Fogg Museum (Harvard Art Museums), Cambridge, MA, US",still life with apples a pear and a ceramic portrait jug 1889 oil on panel
294,1889,日本主義,Breton period,静物畫,"油彩, 畫布",,still life with onions beetroot and japanese print
295,1889,後印象派,Breton period,静物畫,"油彩, 畫板","Fogg Museum (Harvard Art Museums), Cambridge, MA, US",still life with peaches
296,1889,掐絲琺瑯彩主義,Breton period,religious painting,"油彩, 畫布","Norton Museum of Art, Palm Beach, FL, US",the agony in the garden
297,1889,綜合主義,Breton period,肖像畫,"油彩, 畫布",奥赛博物馆,the beautiful angel madame angele satre the innkeeper at pont aven
298,1889,後印象派,Breton period,風景畫,"油彩, 畫布",私人收藏,the creek le pouldu
299,1889,後印象派,Breton period,静物畫,"油彩, 畫布",菲利普美術館,the ham
300,1889,後印象派,Breton period,風俗畫,"油彩, 畫布",弗柯望博物館,the kelp gatherers
301,1889,後印象派,Breton period,風景畫,"油彩, 畫布",私人收藏,the large tree
302,1889,掐絲琺瑯彩主義,Breton period,風俗畫,"畫布, 蛋彩",私人收藏,the milkmaid
303,1889,後印象派,Breton period,風俗畫,"油彩, 畫布",洛杉磯郡藝術博物館,the red cow
304,1889,掐絲琺瑯彩主義,Breton period,風景畫,"油彩, 畫布",私人收藏,the swineherd
305,1889,後印象派,Breton period,風俗畫,"油彩, 畫布",挪威國家美術館,the willows
306,1889,後印象派,Breton period,風景畫,"油彩, 畫布",私人收藏,the wooden gate the pig keeper
307,1889,後印象派,Breton period,風景畫,"pastel, 紙質",私人收藏,view of the beach at bellangenai
308,1889,後印象派,Breton period,風俗畫,"油彩, 畫布",,willows
309,1889,掐絲琺瑯彩主義,Breton period,allegorical painting,"油彩, 畫布","Albright-Knox Art Gallery, Buffalo, NY, US",huang se de ji du
310,1889,後印象派,Breton period,風景畫,"油彩, 畫布",奥赛博物馆,yellow haystacks golden harvest
311,1889,後印象派,Breton period,肖像畫,"colored pencils, 紙質",私人收藏,young breton by the sea
312,1889,掐絲琺瑯彩主義,Breton period,肖像畫,"油彩, 畫布",私人收藏,young breton woman
313,1889,後印象派,Breton period,自畫像,"油彩, 畫布",私人收藏,self portrait with mandolin
314,1890,後印象派,2nd Tahiti period,裸體畫,,,exotic eve
315,1890,後印象派,Breton period,風景畫,"油彩, 畫布",私人收藏,a blue roof farm in pouldu
316,1890,後印象派,Breton period,風景畫,"油彩, 畫布",私人收藏,haystacks in brittany
317,1890,掐絲琺瑯彩主義,Breton period,都市風景畫,"油彩, 畫布",私人收藏,houses in le pouldu
318,1890,後印象派,Breton period,風俗畫,"鉛筆, 透明水彩, 紙質",私人收藏,kelp gatherers
319,1890,後印象派,Breton period,風景畫,"油彩, 畫布",,landscape at le pouldu
320,1890,掐絲琺瑯彩主義,Breton period,肖像畫,"油彩, 畫布",巴恩斯基金會,m loulou
321,1890,後印象派,Breton period,肖像畫,"不透明水彩, 硬紙板",私人收藏,mimi and her cat
322,1890,後印象派,Breton period,肖像畫,"collage, 不透明水彩, 墨水, 透明水彩, 紙質",私人收藏,negreries martinique
323,1890,後印象派,Breton period,allegorical painting,"油彩, silk",沃兹沃思学会,nirvana portrait of jacob meyer de haan
324,1890,掐絲琺瑯彩主義,Breton period,風俗畫,"油彩, 畫布",,peasant woman and cows in a landscape
325,1890,後印象派,Breton period,肖像畫,"油彩, 畫布",芝加哥藝術博物館,portrait of woman against the cezanne s still life with apples
326,1890,掐絲琺瑯彩主義,Breton period,肖像畫,"油彩, 畫布",,redheaded woman and
327,1890,後印象派,Breton period,風景畫,"油彩, 畫布",泰特現代藝術館,seaside harvest
328,1890,後印象派,Breton period,自畫像,"油彩, 畫布",普希金博物館,self
329,1890,掐絲琺瑯彩主義,Breton period,自畫像,"油彩, 畫布",,self portrait with the yellow christ
330,1890,後印象派,Breton period,静物畫,"油彩, 畫布",私人收藏,still life with apples and green vase
331,1890,後印象派,,海景畫,,,not
332,1891,後印象派,1st Tahiti period,風景畫,,,tahitian landscape
333,1891,後印象派,1st Tahiti period,風俗畫,"油彩, jute",芝加哥藝術博物館,a big tree 1891
334,1891,掐絲琺瑯彩主義,1st Tahiti period,風俗畫,"油彩, 畫布",私人收藏,a man with axe
335,1891,後印象派,1st Tahiti period,風俗畫,"油彩, 畫布",,black pigs
336,1891,掐絲琺瑯彩主義,1st Tahiti period,風俗畫,"油彩, 畫布",,brooding woman
337,1891,後印象派,1st Tahiti period,風景畫,"油彩, 畫布",所羅門·古根漢美術館,come here
338,1891,後印象派,1st Tahiti period,風俗畫,"油彩, 畫布",以色列博物館,fire dance
339,1891,掐絲琺瑯彩主義,1st Tahiti period,風俗畫,"油彩, 畫布",普希金博物館,flowers of france
340,1891,後印象派,1st Tahiti period,風景畫,油彩,所羅門·古根漢美術館,in the vanilla grove man and horse the rendezvous
341,1891,後印象派,1st Tahiti period,風景畫,"油彩, 畫布",私人收藏,landscape with black pigs and a crouching tahitian
342,1891,掐絲琺瑯彩主義,1st Tahiti period,肖像畫,"油彩, 畫布",,melancholic
343,1891,掐絲琺瑯彩主義,1st Tahiti period,肖像畫,"油彩, 畫布",,mother and
344,1891,掐絲琺瑯彩主義,1st Tahiti period,allegorical painting,"油彩, 畫布",大都會藝術博物館,orana maria we hail thee mary
345,1891,掐絲琺瑯彩主義,1st Tahiti period,肖像畫,"油彩, 畫布",克勒勒-米勒博物館,portrait of
346,1891,後印象派,1st Tahiti period,肖像畫,"油彩, 畫布",比利时皇家美术博物馆,portrait of suzanne bambridge
347,1891,掐絲琺瑯彩主義,1st Tahiti period,風景畫,"油彩, 畫布",,road in tahiti
348,1891,後印象派,1st Tahiti period,肖像畫,"油彩, 畫布",,tahitian woman with flower in her
349,1891,掐絲琺瑯彩主義,1st Tahiti period,風俗畫,"油彩, 畫布",奥赛博物馆,tahitian women
350,1891,後印象派,1st Tahiti period,風俗畫,"油彩, 硬紙板",私人收藏,tahitians at rest
351,1891,掐絲琺瑯彩主義,1st Tahiti period,風俗畫,"油彩, 畫布",舊國家美術館,the fisherwomen of tahiti
352,1891,後印象派,1st Tahiti period,風俗畫,"油彩, 畫布",,the large tree
353,1891,掐絲琺瑯彩主義,1st Tahiti period,風俗畫,"油彩, 畫布",私人收藏,the lemon picker
354,1891,掐絲琺瑯彩主義,1st Tahiti period,風景畫,"油彩, 畫布",私人收藏,the little
355,1891,綜合主義,1st Tahiti period,allegorical painting,"油彩, 畫布","Chrysler Museum of Art, Norfolk, VA, US",the loss of virginity awakening of spring
356,1891,後印象派,1st Tahiti period,風俗畫,"油彩, 畫布",奥赛博物馆,the meal the bananas
357,1891,掐絲琺瑯彩主義,1st Tahiti period,風景畫,"油彩, 畫布",私人收藏,the three
358,1891,掐絲琺瑯彩主義,1st Tahiti period,風俗畫,"油彩, 畫布",达拉斯艺术博物馆,under the pandanus
359,1891,掐絲琺瑯彩主義,1st Tahiti period,肖像畫,"油彩, 畫布",新嘉士伯美術館,woman with a flower
360,1891,掐絲琺瑯彩主義,1st Tahiti period,肖像畫,"油彩, 畫布",私人收藏,young man with a flower behind his ear
361,1892,後印象派,1st Tahiti period,裸體畫,,大都會藝術博物館,tahitian women bathing
362,1892,後印象派,1st Tahiti period,具象藝術,,大原美術館,te nave nave fenua delightful land
363,1892,掐絲琺瑯彩主義,1st Tahiti period,裸體畫,"油彩, 畫布",普希金博物館,are you jealous
364,1892,後印象派,1st Tahiti period,風俗畫,"油彩, 畫布",奥赛博物馆,arearea i
365,1892,掐絲琺瑯彩主義,1st Tahiti period,風景畫,"油彩, 畫布",埃尔米塔日博物馆,at the foot of the mountain
366,1892,掐絲琺瑯彩主義,1st Tahiti period,風俗畫,"油彩, 畫布",,by the sea
367,1892,掐絲琺瑯彩主義,1st Tahiti period,風景畫,"油彩, 畫布",私人收藏,cabin under the trees
368,1892,後印象派,1st Tahiti period,sketch and study,"鉛筆, 透明水彩, 紙質",私人收藏,head of a
369,1892,後印象派,1st Tahiti period,風俗畫,"油彩, 畫布",普希金博物館,her nami is vairaumati
370,1892,掐絲琺瑯彩主義,1st Tahiti period,設計圖,"不透明水彩, 透明水彩",,joyousness
371,1892,後印象派,1st Tahiti period,風景畫,"油彩, 畫布",普希金博物館,landscape with peacocks
372,1892,後印象派,1st Tahiti period,風景畫,"油彩, 畫布",私人收藏,landscape with three trees
373,1892,掐絲琺瑯彩主義,1st Tahiti period,風俗畫,"油彩, 畫布",提森-博内米萨博物馆,olden times
374,1892,掐絲琺瑯彩主義,1st Tahiti period,風俗畫,"油彩, 畫布",巴恩斯基金會,she goes down to the fresh water haere pape
375,1892,掐絲琺瑯彩主義,1st Tahiti period,静物畫,"油彩, 畫布",私人收藏,still life with tahitian oranges
376,1892,後印象派,1st Tahiti period,裸體畫,"透明水彩, 紙質",格勒諾布爾美術館,tahitian eve
377,1892,日本主義,1st Tahiti period,風俗畫,"透明水彩, 紙質","Thielska Galleriet, Stockholm, Sweden",tahitian
378,1892,掐絲琺瑯彩主義,1st Tahiti period,風景畫,"油彩, 畫布",新嘉士伯美術館,tahitian village
379,1892,後印象派,1st Tahiti period,sketch and study,"鉛筆, 紙質",私人收藏,tahitian woman s
380,1892,掐絲琺瑯彩主義,1st Tahiti period,風俗畫,"油彩, 畫布",大都會藝術博物館,tahitian women on the beach
381,1892,後印象派,1st Tahiti period,風景畫,"油彩, 畫布",私人收藏,tahitian women under the palms
382,1892,後印象派,1st Tahiti period,風俗畫,"油彩, 畫布",埃尔米塔日博物馆,taperaa mahana
383,1892,掐絲琺瑯彩主義,1st Tahiti period,mythological painting,"油彩, 畫布",,the encounter
384,1892,後印象派,1st Tahiti period,風俗畫,"油彩, 畫布",私人收藏,the house of singing
385,1892,後印象派,1st Tahiti period,風景畫,"油彩, 畫布",,the moment of truth i
386,1892,後印象派,1st Tahiti period,風俗畫,"油彩, 畫布",私人收藏,the morning
387,1892,掐絲琺瑯彩主義,1st Tahiti period,風俗畫,"油彩, 畫布",私人收藏,the rider in front of the hub
388,1892,掐絲琺瑯彩主義,1st Tahiti period,風景畫,"油彩, 畫布",费城艺术博物馆,the sacred mountain
389,1892,後印象派,1st Tahiti period,裸體畫,油彩,現代藝術博物館,the seed of the areoi
390,1892,後印象派,1st Tahiti period,裸體畫,"油彩, 畫布","Albright-Knox Art Gallery, Buffalo, NY, US",spirit of the dead watching 1892
391,1892,後印象派,1st Tahiti period,肖像畫,"油彩, 畫布",埃尔米塔日博物馆,two sisters
392,1892,後印象派,1st Tahiti period,肖像畫,"油彩, 畫布",奥赛博物馆,vairumati
393,1892,後印象派,1st Tahiti period,風俗畫,"油彩, 畫布",巴塞爾美術館,we shall not go to market today
394,1892,後印象派,1st Tahiti period,風俗畫,"油彩, 畫布","Galerie Neue Meister, Dresden, Germany",what s new
395,1892,掐絲琺瑯彩主義,1st Tahiti period,風俗畫,"油彩, 畫布",私人收藏,ni he shi jie hun
396,1892,掐絲琺瑯彩主義,1st Tahiti period,肖像畫,"油彩, 畫布",斯图加特国立美术馆,where are you going
397,1892,掐絲琺瑯彩主義,1st Tahiti period,風俗畫,"油彩, 畫布",耶鲁大学美术馆,whispered words
398,1892,掐絲琺瑯彩主義,1st Tahiti period,裸體畫,"油彩, 畫布","Museo Nacional de Bellas Artes (MNBA), Buenos Aires, Argentina",woman by the sea
399,1892,掐絲琺瑯彩主義,1st Tahiti period,肖像畫,"油彩, 畫布","Baltimore Museum of Art (BMA), Baltimore, MD, US",woman with a mango
400,1892,後印象派,1st Tahiti period,風俗畫,"油彩, 畫布",私人收藏,women at the banks of river
401,1892,後印象派,1st Tahiti period,風俗畫,"油彩, 畫布",梵高博物馆,women at the riverside
402,1892,後印象派,1st Tahiti period,sketch and study,"pastel, 紙質",,words of the devil
403,1892,掐絲琺瑯彩主義,1st Tahiti period,風俗畫,"油彩, 畫布",私人收藏,the dreaming
404,1892,後印象派,1st Tahiti period,風景畫,"油彩, 畫布",芝加哥藝術博物館,the hibiskus tree
405,1892,掐絲琺瑯彩主義,1st Tahiti period,mythological painting,"油彩, 畫布",保罗·盖蒂博物馆,the royal end
406,1893,掐絲琺瑯彩主義,1st Tahiti period,肖像畫,"油彩, 畫布",私人收藏,alone
407,1893,後印象派,1st Tahiti period,風景畫,"油彩, 畫布",,among the lillies
408,1893,掐絲琺瑯彩主義,1st Tahiti period,裸體畫,"油彩, 畫布",私人收藏,annah the javanese
409,1893,後印象派,1st Tahiti period,allegorical painting,"透明水彩, 紙質",,barbarian music
410,1893,掐絲琺瑯彩主義,1st Tahiti period,花卉畫,玻璃,奥赛博物馆,floral and vegetable motifs
411,1893,後印象派,1st Tahiti period,sketch and study,"透明水彩, 紙質",私人收藏,here we make
412,1893,後印象派,1st Tahiti period,mythological painting,"油彩, 畫布",現代藝術博物館,hina moon goddess te fatu earth spirit
413,1893,後印象派,1st Tahiti period,風俗畫,"油彩, 畫布",私人收藏,mysterious water
414,1893,掐絲琺瑯彩主義,1st Tahiti period,肖像畫,"油彩, 畫布",私人收藏,portrait of louis roy
415,1893,後印象派,1st Tahiti period,自畫像,"油彩, 畫布",奥赛博物馆,self portrait in a
416,1893,掐絲琺瑯彩主義,1st Tahiti period,自畫像,"油彩, 畫布","McNay Art Museum, San Antonio, TX, US",self portrait with the
417,1893,後印象派,1st Tahiti period,自畫像,"鉛筆, 透明水彩, 紙質",私人收藏,self portrait at
418,1893,掐絲琺瑯彩主義,1st Tahiti period,静物畫,"油彩, 畫布",私人收藏,still life with
419,1893,掐絲琺瑯彩主義,1st Tahiti period,風景畫,"油彩, 畫布",,tahitian mountains
420,1893,日本主義,1st Tahiti period,肖像畫,玻璃,奥赛博物馆,tahitian woman in a landscape
421,1893,掐絲琺瑯彩主義,1st Tahiti period,風俗畫,"油彩, 畫布",私人收藏,tahitian woman near river
422,1893,掐絲琺瑯彩主義,1st Tahiti period,肖像畫,"油彩, 畫布",芝加哥藝術博物館,tehamana has many parents the ancestors of tehamana
423,1893,後印象派,1st Tahiti period,literary painting,,,the messengers of oro
424,1893,後印象派,1st Tahiti period,風景畫,"油彩, 畫布",阿黛濃美術館,the moment of truth ii
425,1893,後印象派,1st Tahiti period,風俗畫,"油彩, 畫布",埃尔米塔日博物馆,woman holding a fruit
426,1893,後印象派,1st Tahiti period,literary painting,"木刻版畫, 紙質",,noa noa suite delightful land 1893
427,1894,後印象派,Paris period,風景畫,"油彩, 畫布",奥赛博物馆,a breton landscape david s mill
428,1894,掐絲琺瑯彩主義,Paris period,allegorical painting,"油彩, 畫布",芝加哥藝術博物館,a day of no gods
429,1894,後印象派,Paris period,風景畫,"油彩, 畫布",奥赛博物馆,breton village under snow
430,1894,後印象派,Paris period,風俗畫,"油彩, 畫布",,christmas night
431,1894,後印象派,Paris period,風景畫,"油彩, 畫布",大都會藝術博物館,farm in brittany
432,1894,掐絲琺瑯彩主義,Paris period,風景畫,"油彩, 畫布",私人收藏,farm in brittany 1894
433,1894,後印象派,Paris period,静物畫,"油彩, 畫布",波士頓美術館,flowers in a fruit bowl
434,1894,後印象派,Paris period,allegorical painting,"透明水彩, 紙質",,orana maria hail maria
435,1894,後印象派,Paris period,都市風景畫,"油彩, 畫布",梵高博物馆,paris in the snow
436,1894,掐絲琺瑯彩主義,Paris period,風俗畫,"油彩, 畫布",奥赛博物馆,paysannes bretones
437,1894,掐絲琺瑯彩主義,Paris period,肖像畫,"油彩, 畫布",斯图加特国立美术馆,portrait of a mother
438,1894,後印象派,Paris period,肖像畫,"油彩, 畫布",奥赛博物馆,portrait of william molard
439,1894,掐絲琺瑯彩主義,Paris period,風俗畫,"油彩, 畫布",新嘉士伯美術館,reclining tahitian women
440,1894,掐絲琺瑯彩主義,Paris period,風俗畫,"油彩, 畫布",埃尔米塔日博物馆,sacred spring
441,1894,後印象派,Paris period,自畫像,"油彩, 畫布",私人收藏,self portrait with palette
442,1894,後印象派,Paris period,風俗畫,"油彩, 畫布",私人收藏,siesta
443,1894,後印象派,Paris period,肖像畫,"charcoal, pastel, 紙質",布鲁克林博物馆,tahitian woman
444,1894,後印象派,Paris period,肖像畫,"油彩, 畫布","Baltimore Museum of Art (BMA), Baltimore, MD, US",the cellist portrait of upaupa scheklud
445,1894,掐絲琺瑯彩主義,Paris period,風俗畫,"油彩, 畫布",私人收藏,the guitar player
446,1894,後印象派,Paris period,都市風景畫,"油彩, 畫布",私人收藏,village in the snow
447,1894,掐絲琺瑯彩主義,Paris period,肖像畫,"油彩, 畫布","Clark Art Institute, Williamstown, MA, US",young christian girl
448,1894,後印象派,,風景畫,"透明水彩, 紙質","Musée de France, Paris, France",hut under the coconut
449,1894,後印象派,,風俗畫,"鋅, print",芝加哥藝術博物館,ia orana maria hail mary
450,1893,後印象派,,風俗畫,charcoal,大都會藝術博物館,hail mary ia orana maria
451,1895,掐絲琺瑯彩主義,Paris period,肖像畫,"油彩, 畫布",私人收藏,the child
452,1896,掐絲琺瑯彩主義,2nd Tahiti period,風俗畫,"油彩, 畫布",埃尔米塔日博物馆,a canoe tahitian family
453,1896,掐絲琺瑯彩主義,2nd Tahiti period,allegorical painting,"油彩, 畫布",埃尔米塔日博物馆,baby nativity of tahitian christ
454,1896,掐絲琺瑯彩主義,2nd Tahiti period,肖像畫,"油彩, 畫布","Fogg Museum (Harvard Art Museums), Cambridge, MA, US",barbarian poems
455,1896,掐絲琺瑯彩主義,2nd Tahiti period,風俗畫,"油彩, 畫布",普希金博物館,eiaha ohipa or tahitians in a room 1896
456,1896,後印象派,2nd Tahiti period,風俗畫,"油彩, 畫布",新绘画陈列馆,nativity
457,1896,後印象派,2nd Tahiti period,風俗畫,"油彩, 畫布",里昂美术馆,perfect days
458,1896,掐絲琺瑯彩主義,2nd Tahiti period,肖像畫,"油彩, 畫布",,portrait of a young woman vaite jeanne goupil
459,1896,後印象派,2nd Tahiti period,mythological painting,"油彩, 畫布",埃尔米塔日博物馆,scene from tahitian life
460,1896,後印象派,2nd Tahiti period,自畫像,"油彩, 畫布",奥赛博物馆,self portrait
461,1896,掐絲琺瑯彩主義,2nd Tahiti period,静物畫,"油彩, 畫布",大都會藝術博物館,still life with teapot and fruits
462,1896,掐絲琺瑯彩主義,2nd Tahiti period,裸體畫,"油彩, 畫布",普希金博物館,the king s wife
463,1896,後印象派,2nd Tahiti period,sketch and study,"透明水彩, 紙質",摩根圖書館與博物館,the queen of
464,1896,後印象派,2nd Tahiti period,肖像畫,"油彩, 木材",大都會藝術博物館,three tahitian women
465,1896,後印象派,2nd Tahiti period,静物畫,"油彩, 畫布",国家美术馆,vase of flowers
466,1896,掐絲琺瑯彩主義,2nd Tahiti period,風俗畫,"油彩, 畫布",芝加哥藝術博物館,why are you angry
467,1897,後印象派,2nd Tahiti period,風景畫,"油彩, 畫布",提森-博内米萨博物馆,coming and going martinique
468,1897,後印象派,2nd Tahiti period,風景畫,"油彩, 畫布",埃尔米塔日博物馆,landscape with two goats
469,1897,後印象派,2nd Tahiti period,風俗畫,"油彩, 畫布",埃尔米塔日博物馆,man picking fruit from a tree
470,1897,後印象派,2nd Tahiti period,裸體畫,"油彩, 畫布",科陶德藝術學院,nevermore
471,1897,後印象派,2nd Tahiti period,風景畫,"透明水彩, 紙質",,tahitian landscape
472,1897,後印象派,2nd Tahiti period,風俗畫,"油彩, 畫布",,tahitian man with his arms raised
473,1897,掐絲琺瑯彩主義,2nd Tahiti period,風俗畫,"油彩, 畫布",,the bathers
474,1894,後印象派,,静物畫,"透明水彩, 紙質",,bouquet of
475,1898,後印象派,1st Tahiti period,裸體畫,"油彩, 畫布",泰特現代藝術館,tahitian
476,1897,後印象派,2nd Tahiti period,allegorical painting,"油彩, 畫布",波士頓美術館,wo men cong he chu lai wo men shi shui wo men xiang he chu qu
477,1898,掐絲琺瑯彩主義,2nd Tahiti period,風俗畫,"油彩, 畫布",,delectable waters
478,1898,掐絲琺瑯彩主義,2nd Tahiti period,静物畫,"油彩, 畫布",埃尔米塔日博物馆,idol
479,1898,後印象派,2nd Tahiti period,風俗畫,"油彩, 畫布",,tahitian pastorale
480,1898,後印象派,2nd Tahiti period,animal painting,"油彩, 畫布",奥赛博物馆,the white horse
481,1899,後印象派,,風俗畫,"木刻版畫, 和紙","Portland Museum of Art (PMA), Portland, ME, US",change of residence
482,1899,後印象派,2nd Tahiti period,風景畫,"油彩, 畫布",普希金博物館,landscape
483,1899,後印象派,2nd Tahiti period,肖像畫,"油彩, 畫布",,maternite ii
484,1899,掐絲琺瑯彩主義,2nd Tahiti period,肖像畫,"油彩, 畫布",埃尔米塔日博物馆,maternity three women on the seashore
485,1899,後印象派,2nd Tahiti period,肖像畫,"pastel, 紙質",布鲁克林博物馆,tahitian woman
486,1899,掐絲琺瑯彩主義,2nd Tahiti period,肖像畫,"油彩, 畫布",诺顿·西蒙博物馆,tahitian woman and boy
487,1899,後印象派,2nd Tahiti period,風俗畫,"油彩, 畫布",普希金博物館,the great buddha
488,1899,掐絲琺瑯彩主義,2nd Tahiti period,肖像畫,"油彩, 畫布",埃尔米塔日博物馆,the month of maria
489,1899,後印象派,2nd Tahiti period,風俗畫,"油彩, 畫布",埃尔米塔日博物馆,three tahitian women against a yellow background 1899 oil on canvas
490,1899,後印象派,2nd Tahiti period,肖像畫,"油彩, 畫布",蘇格蘭國家畫廊,three tahitians
491,1899,掐絲琺瑯彩主義,2nd Tahiti period,肖像畫,"油彩, 畫布",大都會藝術博物館,liang ge da xi di nu ren
492,1901,後印象派,,風景畫,,,paysage ou promenade familiale
493,1901,後印象派,2nd Tahiti period,裸體畫,"油彩, 畫布",奥赛博物馆,and the gold of their bodies
494,1901,後印象派,2nd Tahiti period,風俗畫,"油彩, 畫布",普希金博物館,flight
495,1901,後印象派,2nd Tahiti period,風景畫,"油彩, 畫布",卡內基美術館,landscape with three figures
496,1901,後印象派,2nd Tahiti period,風景畫,"油彩, 畫布",私人收藏,marquesan landscape with horses
497,1901,後印象派,2nd Tahiti period,静物畫,"油彩, 畫布",私人收藏,still life with l esperance
498,1901,後印象派,2nd Tahiti period,静物畫,"油彩, 畫布",埃尔米塔日博物馆,still life with sunflowers on an armchair
499,1901,掐絲琺瑯彩主義,2nd Tahiti period,風景畫,"油彩, 畫布",私人收藏,tahitian idyll
500,1901,掐絲琺瑯彩主義,2nd Tahiti period,肖像畫,"油彩, 畫布",芝加哥藝術博物館,tahitian woman and two children
501,1901,後印象派,,風俗畫,,現代藝術博物館,change of residence
502,1902,掐絲琺瑯彩主義,2nd Tahiti period,裸體畫,"油彩, 畫布",私人收藏,bathers
503,1902,後印象派,2nd Tahiti period,allegorical painting,"油彩, 畫布",奧德羅普格園林博物館,adam and eve
504,1902,後印象派,2nd Tahiti period,allegorical painting,"油彩, 畫布",弗柯望博物館,barbarous tales
505,1902,後印象派,2nd Tahiti period,裸體畫,,,crouching tahitian woman
506,1902,後印象派,2nd Tahiti period,肖像畫,"油彩, 畫布",弗柯望博物館,girl with a fan
507,1902,掐絲琺瑯彩主義,2nd Tahiti period,風俗畫,"油彩, 畫布",弗柯望博物館,riders on the beach
508,1902,掐絲琺瑯彩主義,2nd Tahiti period,風俗畫,"油彩, 畫布",弗柯望博物館,riders on the beach ii
509,1902,後印象派,2nd Tahiti period,静物畫,"油彩, 畫布",普希金博物館,still life with parrots
510,1902,掐絲琺瑯彩主義,2nd Tahiti period,風俗畫,"油彩, 畫布",,the call
511,1902,掐絲琺瑯彩主義,2nd Tahiti period,肖像畫,"油彩, 畫布",布尔勒收藏展览馆,the offering
512,1902,後印象派,2nd Tahiti period,肖像畫,"油彩, 畫布",,the sorcerer of hiva oa marquesan man in the red cape
513,1902,掐絲琺瑯彩主義,2nd Tahiti period,肖像畫,"油彩, 畫布",私人收藏,two women flowered hair
514,1903,後印象派,2nd Tahiti period,自畫像,"油彩, 畫布","Kunstmuseum Bern, Bern, Switzerland",self portrait with spectacles
515,1903,後印象派,2nd Tahiti period,風俗畫,"油彩, 畫布",國家藝廊,the invocation
516,1903,後印象派,2nd Tahiti period,風俗畫,"透明水彩, 紙質",波士頓美術館,women and white horse
